{
"Profiles": [
{
  "Right Option Key Sends" : 0,
  "Tags" : [

  ],
  "Ansi 12 Color" : {
    "Red Component" : 0.40938043594360352,
    "Color Space" : "sRGB",
    "Blue Component" : 1,
    "Alpha Component" : 1,
    "Green Component" : 0.44484475255012512
  },
  "Ansi 6 Color" : {
    "Red Component" : 0,
    "Color Space" : "sRGB",
    "Blue Component" : 0.78165644407272339,
    "Alpha Component" : 1,
    "Green Component" : 0.77424591779708862
  },
  "Draw Powerline Glyphs" : true,
  "Bold Color" : {
    "Red Component" : 0.97516435384750366,
    "Color Space" : "sRGB",
    "Blue Component" : 1,
    "Alpha Component" : 1,
    "Green Component" : 0.99030381441116333
  },
  "Ansi 7 Color" : {
    "Red Component" : 0.78104299306869507,
    "Color Space" : "sRGB",
    "Blue Component" : 0.78104287385940552,
    "Alpha Component" : 1,
    "Green Component" : 0.78104287385940552
  },
  "Ansi 8 Color" : {
    "Red Component" : 0.40781933069229126,
    "Color Space" : "sRGB",
    "Blue Component" : 0.40781933069229126,
    "Alpha Component" : 1,
    "Green Component" : 0.40781933069229126
  },
  "Ansi 9 Color" : {
    "Red Component" : 0.97646647691726685,
    "Color Space" : "sRGB",
    "Blue Component" : 0.10980681329965591,
    "Alpha Component" : 1,
    "Green Component" : 0.16467896103858948
  },
  "Rows" : 25,
  "Default Bookmark" : "No",
  "Transparency" : 0,
  "Ansi 4 Color" : {
    "Red Component" : 0.078469835221767426,
    "Color Space" : "sRGB",
    "Blue Component" : 0.85881680250167847,
    "Alpha Component" : 1,
    "Green Component" : 0.47057878971099854
  },
  "Cursor Guide Color" : {
    "Red Component" : 0.70214027166366577,
    "Color Space" : "sRGB",
    "Blue Component" : 1,
    "Alpha Component" : 0.06341552734375,
    "Green Component" : 0.92681378126144409
  },
  "Non-ASCII Anti Aliased" : true,
  "Use Bright Bold" : true,
  "Ansi 10 Color" : {
    "Red Component" : 0.26277047395706177,
    "Color Space" : "sRGB",
    "Blue Component" : 0.14902409911155701,
    "Alpha Component" : 1,
    "Green Component" : 0.83135908842086792
  },
  "Ambiguous Double Width" : false,
  "Jobs to Ignore" : [
    "rlogin",
    "ssh",
    "slogin",
    "telnet"
  ],
  "Ansi 15 Color" : {
    "Red Component" : 1,
    "Color Space" : "sRGB",
    "Blue Component" : 0.99999994039535522,
    "Alpha Component" : 1,
    "Green Component" : 0.99999994039535522
  },
  "Foreground Color" : {
    "Red Component" : 1,
    "Color Space" : "sRGB",
    "Blue Component" : 0.99999994039535522,
    "Alpha Component" : 1,
    "Green Component" : 0.99999994039535522
  },
  "Working Directory" : "\/Users\/kindred",
  "Blinking Cursor" : false,
  "Disable Window Resizing" : true,
  "Sync Title" : false,
  "Prompt Before Closing 2" : false,
  "BM Growl" : true,
  "Command" : "",
  "Description" : "Default",
  "Mouse Reporting" : true,
  "Screen" : -1,
  "Selection Color" : {
    "Red Component" : 0.12157491594552994,
    "Color Space" : "sRGB",
    "Blue Component" : 0.38431057333946228,
    "Alpha Component" : 1,
    "Green Component" : 0.27058261632919312
  },
  "Columns" : 80,
  "Idle Code" : 0,
  "Ansi 13 Color" : {
    "Red Component" : 1,
    "Color Space" : "sRGB",
    "Blue Component" : 1,
    "Alpha Component" : 1,
    "Green Component" : 0.4651724100112915
  },
  "Custom Command" : "No",
  "ASCII Anti Aliased" : true,
  "Non Ascii Font" : "InconsolataForPowerline 10",
  "Vertical Spacing" : 1.25,
  "Use Bold Font" : true,
  "Option Key Sends" : 0,
  "Selected Text Color" : {
    "Red Component" : 0.7602958083152771,
    "Color Space" : "sRGB",
    "Blue Component" : 0.7602958083152771,
    "Alpha Component" : 1,
    "Green Component" : 0.7602958083152771
  },
  "Background Color" : {
    "Red Component" : 0.090200744569301605,
    "Color Space" : "sRGB",
    "Blue Component" : 0.28235051035881042,
    "Alpha Component" : 1,
    "Green Component" : 0.20391708612442017
  },
  "Character Encoding" : 4,
  "Ansi 11 Color" : {
    "Red Component" : 0.94509893655776978,
    "Color Space" : "sRGB",
    "Blue Component" : 2.4462453438900411e-05,
    "Alpha Component" : 1,
    "Green Component" : 0.81567007303237915
  },
  "Thin Strokes" : 4,
  "Use Italic Font" : true,
  "Unlimited Scrollback" : false,
  "Keyboard Map" : {
    "0xf700-0x260000" : {
      "Action" : 10,
      "Text" : "[1;6A"
    },
    "0x37-0x40000" : {
      "Action" : 11,
      "Text" : "0x1f"
    },
    "0x32-0x40000" : {
      "Action" : 11,
      "Text" : "0x00"
    },
    "0xf709-0x20000" : {
      "Action" : 10,
      "Text" : "[17;2~"
    },
    "0xf70c-0x20000" : {
      "Action" : 10,
      "Text" : "[20;2~"
    },
    "0xf729-0x20000" : {
      "Action" : 10,
      "Text" : "[1;2H"
    },
    "0xf72b-0x40000" : {
      "Action" : 10,
      "Text" : "[1;5F"
    },
    "0xf705-0x20000" : {
      "Action" : 10,
      "Text" : "[1;2Q"
    },
    "0xf703-0x260000" : {
      "Action" : 10,
      "Text" : "[1;6C"
    },
    "0xf700-0x220000" : {
      "Action" : 10,
      "Text" : "[1;2A"
    },
    "0xf701-0x280000" : {
      "Action" : 11,
      "Text" : "0x1b 0x1b 0x5b 0x42"
    },
    "0x38-0x40000" : {
      "Action" : 11,
      "Text" : "0x7f"
    },
    "0x33-0x40000" : {
      "Action" : 11,
      "Text" : "0x1b"
    },
    "0xf703-0x220000" : {
      "Action" : 10,
      "Text" : "[1;2C"
    },
    "0xf701-0x240000" : {
      "Action" : 10,
      "Text" : "[1;5B"
    },
    "0xf70d-0x20000" : {
      "Action" : 10,
      "Text" : "[21;2~"
    },
    "0xf702-0x260000" : {
      "Action" : 10,
      "Text" : "[1;6D"
    },
    "0xf729-0x40000" : {
      "Action" : 10,
      "Text" : "[1;5H"
    },
    "0xf706-0x20000" : {
      "Action" : 10,
      "Text" : "[1;2R"
    },
    "0x34-0x40000" : {
      "Action" : 11,
      "Text" : "0x1c"
    },
    "0xf700-0x280000" : {
      "Action" : 11,
      "Text" : "0x1b 0x1b 0x5b 0x41"
    },
    "0x2d-0x40000" : {
      "Action" : 11,
      "Text" : "0x1f"
    },
    "0xf70e-0x20000" : {
      "Action" : 10,
      "Text" : "[23;2~"
    },
    "0xf702-0x220000" : {
      "Action" : 10,
      "Text" : "[1;2D"
    },
    "0xf703-0x280000" : {
      "Action" : 11,
      "Text" : "0x1b 0x1b 0x5b 0x43"
    },
    "0xf700-0x240000" : {
      "Action" : 10,
      "Text" : "[1;5A"
    },
    "0xf707-0x20000" : {
      "Action" : 10,
      "Text" : "[1;2S"
    },
    "0xf70a-0x20000" : {
      "Action" : 10,
      "Text" : "[18;2~"
    },
    "0x35-0x40000" : {
      "Action" : 11,
      "Text" : "0x1d"
    },
    "0xf70f-0x20000" : {
      "Action" : 10,
      "Text" : "[24;2~"
    },
    "0xf703-0x240000" : {
      "Action" : 10,
      "Text" : "[1;5C"
    },
    "0xf701-0x260000" : {
      "Action" : 10,
      "Text" : "[1;6B"
    },
    "0xf702-0x280000" : {
      "Action" : 11,
      "Text" : "0x1b 0x1b 0x5b 0x44"
    },
    "0xf72b-0x20000" : {
      "Action" : 10,
      "Text" : "[1;2F"
    },
    "0x36-0x40000" : {
      "Action" : 11,
      "Text" : "0x1e"
    },
    "0xf708-0x20000" : {
      "Action" : 10,
      "Text" : "[15;2~"
    },
    "0xf701-0x220000" : {
      "Action" : 10,
      "Text" : "[1;2B"
    },
    "0xf70b-0x20000" : {
      "Action" : 10,
      "Text" : "[19;2~"
    },
    "0xf702-0x240000" : {
      "Action" : 10,
      "Text" : "[1;5D"
    },
    "0xf704-0x20000" : {
      "Action" : 10,
      "Text" : "[1;2P"
    }
  },
  "Window Type" : 0,
  "Blink Allowed" : false,
  "Cursor Type" : 2,
  "Background Image Location" : "",
  "Blur" : false,
  "Badge Color" : {
    "Red Component" : 1,
    "Color Space" : "sRGB",
    "Blue Component" : 0,
    "Alpha Component" : 0.5,
    "Green Component" : 0.14910027384757996
  },
  "Scrollback Lines" : 1000,
  "Send Code When Idle" : false,
  "Close Sessions On End" : true,
  "Terminal Type" : "xterm-256color",
  "Visual Bell" : true,
  "Flashing Bell" : false,
  "Underline Color" : {
    "Red Component" : 0.95686274766921997,
    "Color Space" : "sRGB",
    "Blue Component" : 0,